{
	"users":[
		{
			"title" : "Mrs",
			"firstName" : "Janet",
			"lastName" : "Lee",
			"gender": "female",
			"birthDate": "12/12/1991",
			"mobileNumber": "12345678",
			"email": "janetlee@gmail.com",
			"password": "1234hello",
			"notification": "email"
		}
	],


	"categories":[
		{
			"catName":"Brazilian & Boyzilian",
			"catType":[
					{	
					"subTypeName": "Crack",
					"subTypeData":[
						{
							"name":"Hard Wax",
							"price":"$16.00",
							"discount":"",
							"redeem":"0"
						},
						{
							"name":"IPL Hair Removal",
							"price":"$144.45",
							"discount":"was $300.00",
							"redeem":"0"
						},
						{
							"name":"Skin Rejuvenation",
							"price":"$144.45",
							"discount":"",
							"redeem":"1"
						}
					]
				},

				{	
					"subTypeName": "Bikini line",
					"subTypeData":[
						{
							"name":"Hard Wax",
							"price":"21.00",
							"discount":"",
							"redeem":"0"
						},
						{
							"name":"IPL Hair Removal",
							"price":"$321.00",
							"discount":"",
							"redeem":"0"
						},
						{
							"name":"Skin Rejuvenation",
							"price":"$321.00",
							"discount":"",
							"redeem":"1"
						}
					]	
				},
				
				{	
					"subTypeName": "Pubic",
					"subTypeData":[
						{
							"name":"Hard Wax",
							"price":"35.00",
							"discount":"",
							"redeem":"0"
						},
						{
							"name":"IPL Hair Removal",
							"price":"$481.50",
							"discount":"",
							"redeem":"0"
						},
						{
							"name":"Skin Rejuvenation",
							"price":"$481.50",
							"discount":"",
							"redeem":"1"
						}
					]	
				},
				
				{	
					"subTypeName": "x Strip (+ Clipping Down the Front)",
					"subTypeData":[
						{
							"name":"Hard Wax",
							"price":"28.00",
							"discount":"was $30.00",
							"redeem":"0"
						},
						{
							"name":"IPL Hair Removal",
							"price":"$321.00",
							"discount":"",
							"redeem":"0"
						},
						{
							"name":"Skin Rejuvenation",
							"price":"$321.00",
							"discount":"",
							"redeem":"1"
						}
					]	
				},
				
				{	
					"subTypeName": "xx Strip (full Bikini)",
					"subTypeData":[
						{
							"name":"Hard Wax",
							"price":"35.00",
							"discount":"",
							"redeem":"0"
						},
						{
							"name":"IPL Hair Removal",
							"price":"$481.50",
							"discount":"",
							"redeem":"0"
						},
						{
							"name":"Skin Rejuvenation",
							"price":"$481.50",
							"discount":"",
							"redeem":"1"
						}
					]	
				},
				
				{	
					"subTypeName": "xx Strip (Extra)",
					"subTypeData":[
						{
							"name":"Hard Wax",
							"price":"42.00",
							"discount":"was $60.00",
							"redeem":"0"
						},
						{
							"name":"IPL Hair Removal",
							"price":"$577.80",
							"discount":"",
							"redeem":"0"
						},
						{
							"name":"Skin Rejuvenation",
							"price":"$577.80",
							"discount":"",
							"redeem":"1"
						}
					]	
				},
				
				{	
					"subTypeName": "xxx Strip (Labia + Bottom + triangle or strip)",
					"subTypeData":[
						{
							"name":"Hard Wax",
							"price":"62.00",
							"discount":"",
							"redeem":"0"
						},
						{
							"name":"IPL Hair Removal",
							"price":"$642.00",
							"discount":"",
							"redeem":"0"
						},
						{
							"name":"Skin Rejuvenation",
							"price":"$642.00",
							"discount":"",
							"redeem":"1"
						}
					]	
				},
				
				{	
					"subTypeName": "xxxx Strip (All Off)",
					"subTypeData":[
						{
							"name":"Hard Wax",
							"price":"62.00",
							"discount":"",
							"redeem":"0"
						},
						{
							"name":"IPL Hair Removal",
							"price":"$642.00",
							"discount":"was $760.00",
							"redeem":"0"
						},
						{
							"name":"Skin Rejuvenation",
							"price":"$642.00",
							"discount":"",
							"redeem":"1"
						}
					]	
				}
			]	
		},
		{
			"catName":"Upper Body",
			"catType":[
					{	
					"subTypeName": "Under Arm",
					"subTypeData":[
						{
							"name":"Soft Wax",
							"price":"20.00",
							"discount":"",
							"redeem":"0"
						},
						{
							"name":"Hard Wax",
							"price":"25.00",
							"discount":"",
							"redeem":"0"
						},
						{
							"name":"IPL Hair Removal",
							"price":"$321.00",
							"discount":"",
							"redeem":"0"
						},
						{
							"name":"Skin Rejuvenation",
							"price":"321.00",
							"discount":"",
							"redeem":"0"
						},
						{
							"name":"IPL Ace",
							"price":"$481.50",
							"discount":"",
							"redeem":"1"
						}
					]
				},

				{	
					"subTypeName": "Half Arm",
					"subTypeData":[
						{
							"name":"Soft Wax",
							"price":"22.00",
							"discount":"was $30.00",
							"redeem":"0"
						},
						{
							"name":"IPL Hair Removal",
							"price":"$481.50",
							"discount":"",
							"redeem":"0"
						},
						{
							"name":"Skin Rejuvenation",
							"price":"481.50",
							"discount":"",
							"redeem":"0"
						}
					]	
				},

				{	
					"subTypeName": "Full Arm",
					"subTypeData":[
						{
							"name":"Soft Wax",
							"price":"32.00",
							"discount":"",
							"redeem":"0"
						},
						{
							"name":"IPL Hair Removal",
							"price":"$802.50",
							"discount":"",
							"redeem":"0"
						},
						{
							"name":"Skin Rejuvenation",
							"price":"802.50",
							"discount":"was $900.00",
							"redeem":"0"
						}
					]	
				},
				
				{	
					"subTypeName": "Shoulders",
					"subTypeData":[
						{
							"name":"Soft Wax",
							"price":"16.00",
							"discount":"",
							"redeem":"0"
						},
						{
							"name":"IPL Hair Removal",
							"price":"$481.50",
							"discount":"",
							"redeem":"0"
						},
						{
							"name":"Skin Rejuvenation",
							"price":"481.50",
							"discount":"",
							"redeem":"0"
						}
					]	
				},
				
				{	
					"subTypeName": "Stomach",
					"subTypeData":[
						{
							"name":"Soft Wax",
							"price":"22.00",
							"discount":"",
							"redeem":"0"
						},
						{
							"name":"IPL Hair Removal",
							"price":"$481.50",
							"discount":"",
							"redeem":"0"
						},
						{
							"name":"Skin Rejuvenation",
							"price":"481.50",
							"discount":"",
							"redeem":"0"
						}
					]	
				},
				
				{	
					"subTypeName": "Nipples",
					"subTypeData":[
						{
							"name":"Soft Wax",
							"price":"7.00",
							"discount":"was $9.00",
							"redeem":"0"
						},
						{
							"name":"Hard Wax",
							"price":"9.00",
							"discount":"",
							"redeem":"0"
						},
						{
							"name":"IPL Hair Removal",
							"price":"$80.25",
							"discount":"",
							"redeem":"0"
						},
						{
							"name":"Skin Rejuvenation",
							"price":"80.25",
							"discount":"",
							"redeem":"0"
						}
					]	
				},
				
				{	
					"subTypeName": "Midriff",
					"subTypeData":[
						{
							"name":"Soft Wax",
							"price":"22.00",
							"discount":"",
							"redeem":"0"
						},
						{
							"name":"IPL Hair Removal",
							"price":"$481.50",
							"discount":"",
							"redeem":"0"
						},
						{
							"name":"Skin Rejuvenation",
							"price":"481.50",
							"discount":"",
							"redeem":"0"
						}
					]	
				},
				
				{	
					"subTypeName": "Navel",
					"subTypeData":[
						{
							"name":"Soft Wax",
							"price":"7.00",
							"discount":"was $10.00",
							"redeem":"0"
						},
						{
							"name":"Hard Wax",
							"price":"9.00",
							"discount":"",
							"redeem":"0"
						},
						{
							"name":"IPL Hair Removal",
							"price":"$80.25",
							"discount":"",
							"redeem":"0"
						},
						{
							"name":"Skin Rejuvenation",
							"price":"80.25",
							"discount":"",
							"redeem":"0"
						}
					]	
				},
				
				{	
					"subTypeName": "Full Back",
					"subTypeData":[
						{
							"name":"Soft Wax",
							"price":"54.00",
							"discount":"",
							"redeem":"0"
						},
						{
							"name":"IPL Hair Removal",
							"price":"$1,177.00",
							"discount":"",
							"redeem":"0"
						},
						{
							"name":"Skin Rejuvenation",
							"price":"1,177.00",
							"discount":"",
							"redeem":"0"
						}
					]	
				}
			]
		},
		{
			"catName":"Lower Body",
			"catType":[
				{	
					"subTypeName": "Lower Back",
					"subTypeData":[
						{
							"name":"Soft Wax",
							"price":"22.00",
							"discount":"was $30.00",
							"redeem":"0"
						},
						{
							"name":"IPL Hair Removal",
							"price":"$481.50",
							"discount":"",
							"redeem":"0"
						},
						{
							"name":"Skin Rejuvenation",
							"price":"481.50",
							"discount":"",
							"redeem":"0"
						}
					]
				},
				
				{	
					"subTypeName": "Buttocks",
					"subTypeData":[
						{
							"name":"Soft Wax",
							"price":"22.00",
							"discount":"",
							"redeem":"0"
						},
						{
							"name":"IPL Hair Removal",
							"price":"$481.50",
							"discount":"",
							"redeem":"0"
						},
						{
							"name":"Skin Rejuvenation",
							"price":"481.50",
							"discount":"",
							"redeem":"0"
						}
					]
				},
				
				{	
					"subTypeName": "Inner Thighs",
					"subTypeData":[
						{
							"name":"Soft Wax",
							"price":"16.00",
							"discount":"was $30.00",
							"redeem":"0"
						},
						{
							"name":"Hard Wax",
							"price":"22.00",
							"discount":"",
							"redeem":"0"
						},
						{
							"name":"IPL Hair Removal",
							"price":"$321.00",
							"discount":"",
							"redeem":"0"
						},
						{
							"name":"Skin Rejuvenation",
							"price":"321.00",
							"discount":"",
							"redeem":"0"
						}
					]
				},
				
				{	
					"subTypeName": "Half Leg - bottom",
					"subTypeData":[
						{
							"name":"Soft Wax",
							"price":"32.00",
							"discount":"",
							"redeem":"0"
						},
						{
							"name":"IPL Hair Removal",
							"price":"$642.00",
							"discount":"",
							"redeem":"0"
						},
						{
							"name":"Skin Rejuvenation",
							"price":"642.00",
							"discount":"",
							"redeem":"0"
						},
						{
							"name":"IPL Ace",
							"price":"963.00",
							"discount":"",
							"redeem":"0"
						}
					]
				},
				
				{	
					"subTypeName": "Half Leg - top",
					"subTypeData":[
						{
							"name":"Soft Wax",
							"price":"38.00",
							"discount":"was $39.00",
							"redeem":"0"
						},
						{
							"name":"IPL Hair Removal",
							"price":"$963.00",
							"discount":"",
							"redeem":"0"
						},
						{
							"name":"Skin Rejuvenation",
							"price":"963.00",
							"discount":"",
							"redeem":"0"
						}
					]
				},
				
				{	
					"subTypeName": "Full Leg",
					"subTypeData":[
						{
							"name":"Soft Wax",
							"price":"65.00",
							"discount":"",
							"redeem":"0"
						},
						{
							"name":"IPL Hair Removal",
							"price":"$1,284.00",
							"discount":"",
							"redeem":"0"
						},
						{
							"name":"Skin Rejuvenation",
							"price":"1,284.00",
							"discount":"",
							"redeem":"0"
						}
					]
				}
				
			]
		},

		{
			"catName":"Hand & Feet",
			"catType":[
				{	
					"subTypeName": "Back of Hand",
					"subTypeData":[
						{
							"name":"Soft Wax",
							"price":"11.00",
							"discount":"",
							"redeem":"0"
						},
						{
							"name":"IPL Hair Removal",
							"price":"$160.50",
							"discount":"was $300.00",
							"redeem":"0"
						},
						{
							"name":"Skin Rejuvenation",
							"price":"160.50",
							"discount":"",
							"redeem":"0"
						}
					]
				},
				
				{	
					"subTypeName": "Fingers",
					"subTypeData":[
						{
							"name":"Soft Wax",
							"price":"9.00",
							"discount":"",
							"redeem":"0"
						},
						{
							"name":"IPL Hair Removal",
							"price":"$112.35",
							"discount":"",
							"redeem":"0"
						},
						{
							"name":"Skin Rejuvenation",
							"price":"112.35",
							"discount":"",
							"redeem":"0"
						}
					]
				},
				
				{	
					"subTypeName": "Top of Feet",
					"subTypeData":[
						{
							"name":"Soft Wax",
							"price":"11.00",
							"discount":"",
							"redeem":"0"
						},
						{
							"name":"IPL Hair Removal",
							"price":"$160.50",
							"discount":"",
							"redeem":"0"
						},
						{
							"name":"Skin Rejuvenation",
							"price":"160.50",
							"discount":"was $300.00",
							"redeem":"0"
						}
					]
				},
				
				{	
					"subTypeName": "Toes",
					"subTypeData":[
						{
							"name":"Soft Wax",
							"price":"9.00",
							"discount":"",
							"redeem":"0"
						},
						{
							"name":"IPL Hair Removal",
							"price":"$80.25",
							"discount":"",
							"redeem":"0"
						},
						{
							"name":"Skin Rejuvenation",
							"price":"80.25",
							"discount":"",
							"redeem":"0"
						}
					]
				}
			]
		},

		{
			"catName":"Face",
			"catType":[
				{	
					"subTypeName": "Eyebrows",
					"subTypeData":[
						{
							"name":"Hard wax",
							"price":"$27.00",
							"discount":"",
							"redeem":"0"
						}
					]
				},

				{	
					"subTypeName": "Forehead",
					"subTypeData":[
						{
							"name":"Hard Wax",
							"price":"11.00",
							"discount":"",
							"redeem":"0"
						},
						{
							"name":"IPL Hair Removal",
							"price":"$80.25",
							"discount":"",
							"redeem":"0"
						},
						{
							"name":"Skin Rejuvenation",
							"price":"80.25",
							"discount":"",
							"redeem":"0"
						}
					]	
				},
				
				{	
					"subTypeName": "Neck",
					"subTypeData":[
						{
							"name":"Hard Wax",
							"price":"22.00",
							"discount":"",
							"redeem":"0"
						},
						{
							"name":"IPL Hair Removal",
							"price":"$321.00",
							"discount":"",
							"redeem":"0"
						},
						{
							"name":"Skin Rejuvenation",
							"price":"321.00",
							"discount":"was $370.00",
							"redeem":"0"
						}
					]	
				},
				
				{	
					"subTypeName": "Cheeks",
					"subTypeData":[
						{
							"name":"Hard Wax",
							"price":"16.00",
							"discount":"",
							"redeem":"0"
						},
						{
							"name":"IPL Hair Removal",
							"price":"$321.00",
							"discount":"",
							"redeem":"0"
						},
						{
							"name":"Skin Rejuvenation",
							"price":"321.00",
							"discount":"",
							"redeem":"0"
						}
					]	
				},
				
				{	
					"subTypeName": "Jawline",
					"subTypeData":[
						{
							"name":"Hard Wax",
							"price":"16.00",
							"discount":"",
							"redeem":"0"
						},
						{
							"name":"IPL Hair Removal",
							"price":"$160.50",
							"discount":"",
							"redeem":"0"
						},
						{
							"name":"Skin Rejuvenation",
							"price":"160.50",
							"discount":"",
							"redeem":"0"
						}
					]	
				},
				
				{	
					"subTypeName": "Sideburn",
					"subTypeData":[
						{
							"name":"Hard Wax",
							"price":"11.00",
							"discount":"",
							"redeem":"0"
						},
						{
							"name":"IPL Hair Removal",
							"price":"$80.25",
							"discount":"",
							"redeem":"0"
						},
						{
							"name":"Skin Rejuvenation",
							"price":"80.25",
							"discount":"",
							"redeem":"0"
						}
					]	
				},
				
				{	
					"subTypeName": "Ears",
					"subTypeData":[
						{
							"name":"Hard wax",
							"price":"$27.00",
							"discount":"",
							"redeem":"0"
						}
					]
				},
				
				{	
					"subTypeName": "Upper Lip",
					"subTypeData":[
						{
							"name":"Hard Wax",
							"price":"13.00",
							"discount":"",
							"redeem":"0"
						},
						{
							"name":"IPL Hair Removal",
							"price":"$80.25",
							"discount":"",
							"redeem":"0"
						},
						{
							"name":"Skin Rejuvenation",
							"price":"80.25",
							"discount":"",
							"redeem":"0"
						}
					]	
				},
				
				{	
					"subTypeName": "Lower Lip",
					"subTypeData":[
						{
							"name":"Hard Wax",
							"price":"13.00",
							"discount":"",
							"redeem":"0"
						},
						{
							"name":"IPL Hair Removal",
							"price":"$80.25",
							"discount":"",
							"redeem":"0"
						},
						{
							"name":"Skin Rejuvenation",
							"price":"80.25",
							"discount":"",
							"redeem":"0"
						}
					]	
				},
				
				{	
					"subTypeName": "Chin",
					"subTypeData":[
						{
							"name":"Hard Wax",
							"price":"11.00",
							"discount":"",
							"redeem":"0"
						},
						{
							"name":"IPL Hair Removal",
							"price":"$80.25",
							"discount":"",
							"redeem":"0"
						},
						{
							"name":"Skin Rejuvenation",
							"price":"80.25",
							"discount":"",
							"redeem":"0"
						}
					]	
				},
				
				{	
					"subTypeName": "Full face",
					"subTypeData":[
						{
							"name":"Hard Wax",
							"price":"48.00",
							"discount":"",
							"redeem":"0"
						},
						{
							"name":"GG2",
							"price":"450.00",
							"discount":"",
							"redeem":"0"
						},
						{
							"name":"IPL Hair Removal",
							"discount":"",
							"price":"$642.00",
							"redeem":"0"
						},
						{
							"name":"Skin Rejuvenation",
							"price":"642.00",
							"discount":"",
							"redeem":"0"
						}
					]	
				}
			]
		},

		{
			"catName":"Nails",
			"catType":[
				{	
					"subTypeName": "Back of Hand",
					"subTypeData":[
						{
							"name":"Soft Wax",
							"price":"11.00",
							"discount":"was $300.00",
							"redeem":"0"
						}
					]
				}
			]
		},

		{
			"catName":"Combos",
			"catType":[
				{	
					"subTypeName": "Back of Hand",
					"subTypeData":[
						{
							"name":"Soft Wax",
							"price":"11.00",
							"discount": "was $40.00",
							"redeem":"0"
						},
						{
							"name":"Hard Wax",
							"price":"48.00",
							"discount": "was $50.00",
							"redeem":"0"
						},
						{
							"name":"GG2",
							"price":"450.00",
							"discount": "was $90.00",
							"redeem":"0"
						},
						{
							"name":"Classic",
							"price":"$37.45",
							"discount": "was $40.00",
							"redeem":"0"
						},
						{
							"name":"French",
							"price":"$42.80",
							"discount": "was $50.00",
							"redeem":"1"
						},
						{
							"name":"Spa",
							"price":"$77.04",
							"discount": "was $90.00",
							"redeem":"1"
						}
					]
				}
			]
		},

		{
			"catName":"Promotions",
			"catType":[
					{	
					"subTypeName": "Manicure",
					"subTypeData":[
						{
							"name":"Classic",
							"price":"$32.10",
							"discount": "was $40.00",
							"redeem":"0"
						},
						{
							"name":"French",
							"price":"$37.45",
							"discount": "was $40.00",
							"redeem":"1"
						},
						{
							"name":"Spa",
							"price":"$51.36",
							"discount": "was $60.00",
							"redeem":"0"
						},
						{
							"name":"Para-Wax Treat",
							"price":"$42.80",
							"discount": "was $50.00",
							"redeem":"1"
						},
						{
							"name":"On The Go",
							"price":"$19.26",
							"discount": "was $30.00",
							"redeem":"0"
						},
						{
							"name":"Gelish",
							"price":"$58.85",
							"discount": "was $70.00",
							"redeem":"0"
						},
						{
							"name":"Repolish",
							"price":"$10.70",
							"discount": "was $20.00",
							"redeem":"0"
						}
					]
				},

				{	
					"subTypeName": "Pedicure",
					"subTypeData":[
						{
							"name":"Classic",
							"price":"$37.45",
							"discount": "was $40.00",
							"redeem":"0"
						},
						{
							"name":"French",
							"price":"$42.80",
							"discount": "was $50.00",
							"redeem":"1"
						},
						{
							"name":"Spa",
							"price":"$77.04",
							"discount": "was $90.00",
							"redeem":"1"
						},
						{
							"name":"Para-Wax Treat",
							"price":"$53.50",
							"discount": "was $60.00",
							"redeem":"0"
						},
						{
							"name":"On The Go",
							"price":"$24.61",
							"discount": "was $35.00",
							"redeem":"1"
						},
						{
							"name":"Gelish",
							"price":"$74.90",
							"discount": "was $90.00",
							"redeem":"0"
						},
						{
							"name":"Repolish",
							"price":"$13.90",
							"discount": "was $25.00",
							"redeem":"0"
						}
					]	
				}
			]
		}		
	]	
}